file_size,mod_freq,cpu_usage,process_age,is_executable,has_ransom_keyword,is_malicious
8662,13.568672194511372,89.12389042948094,24.21799555842224,1,1,1.0
266963,23.8755315155557,64.01933287815174,15.332858047082603,1,0,1.0
1019051,23.32028003728187,92.85426944908225,2.502003801650805,1,0,1.0
1777213,17.41960265961048,56.87546246461662,45.93363695687486,1,1,1.0
540442,16.608049699163182,65.1368493265341,45.479050030288654,1,0,1.0
250574,18.593872450370775,97.59176352012531,27.93745722746489,1,0,1.0
1950656,12.997313870932976,78.30259698566914,23.081066290301663,1,0,1.0
289696,10.180274010128002,52.89946903890206,30.684383136215803,0,0,1.0
499173,12.717622244830205,80.1504976208922,47.31915934702482,1,1,1.0
1784988,13.52086860163189,67.04732611394536,39.338737156095206,1,1,1.0
721911,25.087309609375048,87.80134771914842,30.67978414469568,1,1,1.0
1238277,29.9740413166633,69.19348397192311,54.14448844043784,1,0,1.0
164358,23.761452512905986,89.18666060943305,35.027819177610034,1,0,1.0
1463432,26.453211949375238,97.956769526398,29.156559620742584,0,0,1.0
1695696,23.00536665966431,97.14109852537005,38.46841920467714,0,1,1.0
796906,12.2425130119273,57.25437863007037,48.51215083832422,0,1,1.0
66294,27.934403757143546,60.322620221910626,31.437401553069257,1,1,1.0
1881477,27.14103512816239,85.19136489488369,44.116193299386744,1,0,1.0
319982,17.30288521704762,71.21228752192174,3.8863645581169726,1,0,1.0
329564,11.631278542303638,86.087110341727,11.490259480048135,1,0,1.0
1363726,28.645561985923603,96.2575520689194,10.076402150370514,0,1,1.0
65876,10.364880841766709,89.69707211572928,36.94210684760964,1,0,1.0
826566,28.687978029399957,68.68363139963022,21.21319145407758,1,1,1.0
1626489,20.110902693820567,63.92241363874732,8.692581402891912,0,1,1.0
1495776,27.435196582986887,70.9645877776029,38.7030075075033,1,0,1.0
1965597,14.89672241969291,53.67114557440561,55.893371523544566,1,0,1.0
747409,22.127530709797256,85.31341656891234,11.876132889666508,1,0,1.0
429021,28.959733711026196,57.48117947586769,44.39240030325965,0,0,1.0
814602,10.323646496482102,64.03534475846038,0.7846891923009092,1,1,1.0
1861014,17.65056161807958,68.43617778534714,48.143269578125405,1,0,1.0
745987,14.61744342241442,90.57887494603904,5.724993429782785,0,1,1.0
509377,11.35607312451395,87.06600022750513,2.9748996509877657,1,0,1.0
1687846,19.924849661702353,82.94616265833717,44.474698795701606,1,0,1.0
540670,20.568620057799915,75.94355203760695,43.823460804436806,0,0,1.0
132402,11.442279720915787,75.74336605601277,19.331164592260983,1,0,1.0
1492969,21.408242527768593,76.73810552091783,11.162821407044746,1,1,1.0
1221690,23.817710619138424,66.62864367807104,4.773354203860782,1,0,1.0
26351,17.149536776933825,84.76495107979679,12.704368811240567,1,1,1.0
1691333,15.287910638996177,66.22028797155319,24.541844921651524,1,1,1.0
1919638,14.401502240538546,56.219270300148395,27.026699456435338,1,1,1.0
810786,21.33692295785002,97.1043001032977,8.218301829234987,1,1,1.0
1858264,21.66423532745787,63.045686391546994,50.08911235012593,1,1,1.0
855572,16.048128034808816,80.4251212969993,55.40096081177572,1,0,1.0
208106,21.225939947650566,80.55274651854567,33.28397387821905,1,1,1.0
1537411,15.179127003905514,77.16371050817338,26.860087428433527,0,1,1.0
932701,17.147287564685957,67.16165613459032,43.70250845832582,1,0,1.0
965841,19.708787214796004,80.29492127852279,14.991407021350838,1,0,1.0
1414999,23.663393682483317,96.07486719424531,39.73651753240123,1,0,1.0
168783,21.151012982741214,91.5477859810034,40.520255412524456,1,0,1.0
1578736,14.066954635519068,86.56725909190541,34.42347079206636,1,1,1.0
1502441,29.735818260473724,81.53010261830951,9.414748080698184,1,0,1.0
798979,23.80321760913717,92.69991973863708,55.56716961865118,1,1,1.0
854159,22.734274033578213,65.49876667587586,6.689943621563077,1,0,1.0
1299806,18.456684549432676,62.352797353036934,24.756582567899592,1,1,1.0
302452,11.203192565960435,89.53485884886086,16.564583443866475,1,1,1.0
413997,22.830823984407804,68.23059713246796,14.299914996559618,1,1,1.0
92888,28.18529362370134,62.484652030043556,11.539973680852274,1,0,1.0
1605509,20.421757385282113,69.83156910184059,41.962265859464594,0,1,1.0
139913,14.320679975573276,89.50900550906712,18.822993010494905,1,1,1.0
480600,16.08662128430166,74.57093365992131,52.51317398300164,1,0,1.0
443886,20.874564110813306,72.14365700581654,1.3246984092229153,0,0,1.0
924513,14.546141957212242,86.67660558938897,54.641165379749246,1,0,1.0
1078013,18.241600250841383,54.99791764271083,18.71878601345474,0,1,1.0
1472786,11.209168499537034,51.53551640214718,32.315797644575646,1,1,1.0
1710347,26.52918901636353,71.69674227987693,24.28797384915923,1,1,1.0
824798,20.338378584489867,94.43803097831231,18.376385137167134,1,0,1.0
219952,15.276357892700867,50.22593169300515,6.8004140400955055,1,1,1.0
1826212,21.61593204216347,59.03183560470845,57.237589383933035,1,0,1.0
810272,16.420321235876322,52.11014211752556,9.251302888578465,0,1,1.0
156254,26.321459072732992,96.7445528386522,19.54325469523154,1,1,1.0
1179292,15.75369171663061,62.183159557837,26.74534516241466,1,1,1.0
869593,12.691265713576165,84.40523974352408,55.812275165344445,1,0,1.0
1594124,27.968929642769574,78.09646409070129,19.719845532423303,1,1,1.0
86084,24.57640162937747,97.28482255926227,0.40533124057774206,0,1,1.0
1003773,27.379088816092626,86.50026601255755,26.82173617826656,0,1,1.0
63058,22.007349801369305,56.78372482328503,37.54949581792675,0,1,1.0
334430,27.566328787489837,57.33307917473374,14.694753812089523,0,0,1.0
851590,19.830638341996366,64.95099926830724,23.227298314207562,1,0,1.0
1548737,13.68732586197445,53.04669495489344,8.599762790467722,1,1,1.0
554515,23.230938856308406,56.488954380117114,32.34307086753445,1,1,1.0
177441,25.65529537556932,68.79978280928741,41.51536476753589,1,1,1.0
754525,15.046247952268214,78.92718509296816,48.948525604157695,1,1,1.0
705606,28.323250403546567,82.098101026261,38.89563368441456,1,0,1.0
1513602,14.574424585968082,86.01146313970122,38.84681498660524,1,1,1.0
395285,25.13515998857465,57.90496878366354,13.972765903448803,1,1,1.0
395389,20.06750714257549,64.54506879988588,1.0763692212986098,0,1,1.0
1309008,27.4584811318515,60.79398959345392,26.672284482298785,1,1,1.0
1166664,20.31467562228504,64.13452741871326,10.569553933608871,1,0,1.0
962537,11.148346773320615,77.40360620769735,6.642640798144235,1,0,1.0
1184824,11.803517329895413,85.71083793288744,6.2462651136298675,1,0,1.0
602580,17.406611369899103,64.83119037365783,32.85547627964774,1,1,1.0
1851590,28.421302472352778,63.67971059096354,7.994245747854938,1,1,1.0
853602,24.069067095725345,71.41418350674832,50.44276424419004,1,0,1.0
152129,28.376590380227405,83.56830575443635,12.211746900947764,1,1,1.0
1897896,18.982330871235966,83.29713942741631,3.9462089965123814,1,1,1.0
1261057,23.97918491808845,98.98295738870354,28.595549948661358,0,0,1.0
739768,21.791899973675186,73.38334072829852,26.988033218647505,1,1,1.0
1598222,26.22472049217135,61.94057792785711,40.38354650862699,1,0,1.0
1319426,19.325365127352534,81.21750015898998,7.746176822198816,1,1,1.0
1408262,25.14189964505552,52.63870614286784,37.68830955975609,1,0,1.0
1593196,11.4145592340307,56.68758355085888,49.10376274370063,1,1,1.0
1354799,10.0851472252473,57.83600569125731,40.56557981707366,1,1,1.0
1086119,13.412727137675802,82.79440178216333,54.88696589139554,1,0,1.0
1081681,23.839295603572282,75.81516597343912,49.62647619220565,1,0,1.0
1062132,15.489957782663055,71.54853918807132,57.282790752389076,1,0,1.0
1168891,18.584047058533116,87.59537201122353,52.557069699273384,0,0,1.0
1071979,29.691728620798006,67.42818702780896,12.843940754138355,1,1,1.0
537361,12.96734213150345,56.44554412713303,4.63872396266749,1,1,1.0
1525733,16.290927326492007,70.89034106194515,15.058566954405258,1,1,1.0
1776300,24.129591726547986,68.17949049001366,38.26858407264938,0,1,1.0
1183396,13.521290909353308,90.78357157440804,52.097574564304196,1,0,1.0
1880654,17.773099932133896,92.72715356460176,1.6141176243343747,1,1,1.0
751168,21.316972791942856,76.35391256646872,53.563431428597376,1,0,1.0
1442361,19.530557835612694,53.62196810397557,26.2926454185202,0,0,1.0
357665,28.75922433809783,95.43878111023201,19.779711983942622,0,0,1.0
990391,25.759990890283795,74.02590850718613,14.572498067688073,1,1,1.0
132941,16.34645069332155,90.6806102006646,8.434025389186516,1,0,1.0
796008,17.00204628366772,76.4411340020836,36.165386997947515,1,1,1.0
1035444,11.410677325120487,90.81167303173058,40.19547681305674,0,0,1.0
1148125,14.302862787377792,84.1629164951068,54.27157937193323,1,1,1.0
829503,19.08736947771871,87.258572212741,20.261266841914217,1,1,1.0
1160755,26.38493212767833,51.29400772530414,48.423639271545944,1,1,1.0
813092,22.92947899683135,95.4727030560376,40.68863038216534,1,0,1.0
1267420,13.451079687705043,77.60582509271374,58.01607482771119,0,1,1.0
1888690,29.7115002856487,51.59544907700388,27.4452255370795,0,0,1.0
594333,29.60494277124979,54.77617386699198,33.11895081653928,1,0,1.0
1778143,11.768502104992605,77.07178592588343,20.913468667542855,1,0,1.0
1138355,24.47352771165478,67.16322107923394,59.21974423091321,1,0,1.0
428663,11.992696265434219,56.331381973459955,49.191251219634495,0,0,1.0
1261510,16.572772484130553,60.93034734574155,50.34133193646176,1,1,1.0
841973,15.716758379129796,94.70176619647157,2.7473301215293766,1,0,1.0
736529,23.617734726945766,57.11518251959903,11.066391227247651,0,1,1.0
344319,19.37345819004633,70.27237120947531,43.0827884760612,0,0,1.0
1102734,12.780453263646445,63.308133006334984,20.603306026203775,1,0,1.0
934580,28.88841870708528,51.25232810975028,23.966934915766934,1,1,1.0
827439,10.80664369899858,84.01718916422622,16.375456186824604,1,0,1.0
412131,24.956320653297972,51.71048148987149,35.70731688628054,1,1,1.0
1108596,23.65554170619987,89.1053371370819,1.2983028410434194,1,1,1.0
1961036,24.78474317942517,69.26074947966646,56.6724885346391,1,1,1.0
418789,21.059824160038897,79.13535196283574,38.42326721102694,1,1,1.0
1579246,13.788962936535459,52.40810375263031,3.758162820222084,1,0,1.0
406204,27.27189580175959,75.32461946809516,31.766791530961594,1,0,1.0
1603966,15.330695457305534,92.94509948990277,51.2583640095841,1,1,1.0
1044638,23.52836438909434,79.39611183896449,32.28192826749742,1,1,1.0
797309,26.244062898707657,65.50980178601435,42.185205891636826,1,0,1.0
1319010,16.06428641948235,78.66722536018995,54.001021389805,1,1,1.0
803124,18.670074519779185,77.78918232170838,8.656476313332789,1,1,1.0
1686829,14.56240025723643,54.34650830780999,56.236874645051905,0,0,1.0
1084900,29.842507172519394,97.66317092666449,38.44028887681677,1,0,1.0
408461,22.398894985132593,56.982348500843536,24.76412584146991,0,0,1.0
1715718,29.18011165910865,83.85080967414038,22.947819976655232,1,1,1.0
1566416,28.385931455389976,81.31811419895757,29.693949374259514,1,1,1.0
986242,22.517390305457447,54.32621830353755,16.6460423276551,1,1,1.0
1877164,28.99072595566289,57.10828176813551,29.507011330665016,1,1,1.0
1521235,28.974371090162776,53.13054415375996,42.643283659391216,1,0,1.0
70572,28.906458652489885,72.87857330029175,36.394728341147704,0,0,1.0
1358699,27.13493181577793,96.77350208834427,20.87200025974212,1,1,1.0
1226457,10.316376483438269,82.96938746914189,30.74748540044687,1,1,1.0
968302,21.55732759887945,62.70720183276949,7.341771285299872,1,1,1.0
1236841,13.695904716999951,65.1602450056235,5.640381264433603,0,0,1.0
605156,17.343648361166714,53.44473444838664,44.26360346255688,0,0,1.0
1629486,16.258949870073476,50.266016776815746,56.177707957208966,1,0,1.0
381929,11.009094076298547,83.62167507123277,25.083539328902972,1,1,1.0
731333,18.462789342880882,99.45941208509063,59.25376351255329,1,1,1.0
255369,27.86870738788211,66.4022522475704,7.0936930333759385,1,1,1.0
1462550,15.421655389220689,88.94026867079985,27.856852180501534,1,1,1.0
1889330,27.51382805898778,58.08391970878392,33.80280507874181,1,0,1.0
961707,19.370981295822137,73.94661377472175,32.41258794476731,1,0,1.0
1010192,13.360157677436465,75.10242175951637,36.395163530619236,1,0,1.0
423647,18.22125799999293,57.465348263018825,0.2713632764572127,1,1,1.0
1879754,25.738907629989534,98.0942442286501,36.428776502639856,1,0,1.0
1084987,21.721334186463302,63.428550933223775,54.0989728586142,1,1,1.0
1330290,14.830359407515509,63.06394442094946,5.268332467527054,0,0,1.0
564272,15.252633030378766,59.832505715331955,36.10875676390423,1,0,1.0
1962061,22.272940824235164,51.48717967923832,51.802805324174436,1,1,1.0
643905,17.351759653688152,98.42373662381456,56.10604100160784,1,0,1.0
1234854,29.967579096318595,68.46839828972993,18.87726579816192,1,1,1.0
1658328,26.709430765109047,52.040386150702446,42.972338559547715,1,1,1.0
601008,25.457999851809276,97.3495932471852,27.806740214380497,1,0,1.0
327575,14.663327691596686,82.45314121589027,48.70266859559668,1,0,1.0
1624894,16.884170599848773,86.75099923610973,34.327996501786714,1,1,1.0
1628971,24.570922202196268,63.58778862151683,5.1216992119975435,1,1,1.0
1802942,26.07251635076741,72.51077848802703,50.3043660397902,1,1,1.0
539274,25.919587404682545,94.06106240170507,48.438795255601924,1,0,1.0
1559855,24.55994099261191,98.81786054201422,25.619789636144233,1,1,1.0
504121,29.545157194602936,59.57618674805733,35.640412640386366,1,0,1.0
1928266,24.583896952717595,83.31052307562068,54.00015827722236,1,1,1.0
1378666,24.75565403092814,52.66605724381613,6.319146346207902,1,1,1.0
1639945,21.6508025877465,59.92361588057321,23.51276222180153,1,1,1.0
1184441,28.68177663416413,63.525377390477445,8.073909347047978,1,1,1.0
349139,25.608678199082554,62.810438426277244,40.45273114860227,1,0,1.0
1293375,14.77522479479257,96.82402362940796,21.7272320287336,1,1,1.0
540694,18.770562930186955,79.70975568367999,44.7031519159188,1,1,1.0
1513768,25.50158189738515,66.20448110366496,28.730048585113906,0,1,1.0
1595299,20.66487538119916,68.0696779750501,33.581463123551416,1,1,1.0
608404,29.739525425896286,75.51190599563819,49.81342112442137,0,1,1.0
768366,13.187625015390687,74.30173845530344,45.87884144895616,0,0,1.0
277404,12.026312957538499,76.0957303255937,58.05658077002711,1,0,1.0
560660,12.22751159951443,85.68734222450252,14.579950647065946,0,1,1.0
1947232,17.92088042930189,86.16528493961603,45.81967953217293,1,1,1.0
363530,19.740621244065345,50.20152281688207,36.955150694637105,0,1,1.0
486414,15.560740748742539,56.20408099986339,29.288372864489997,1,0,1.0
989390,19.028040521926727,70.11533878138647,8.610217865708478,1,1,1.0
1685138,14.184580222131633,77.60083820290659,30.884424442691003,1,0,1.0
429699,15.280717318949279,56.86852200021889,59.65728287475615,1,0,1.0
1150013,25.99217010802557,63.86698548029277,48.560980115782584,1,0,1.0
1321808,16.652806758241162,72.87713772851014,8.263670342734091,1,1,1.0
592829,10.375645311242394,88.02598370593772,53.18424875144276,1,1,1.0
463169,29.152709969774076,51.01146411930452,54.78339125622679,1,0,1.0
225366,21.409636713778553,86.91372343689292,34.97306533758887,1,1,1.0
15697,18.401703208035656,67.9799107142109,38.27801911904571,1,0,1.0
1339021,13.210314244367146,83.05908768287934,2.253394463107443,1,1,1.0
1467388,18.65325347586608,80.64525527779,42.28050902398003,1,0,1.0
660019,29.159906963603195,64.38257632465051,58.40736649426294,1,1,1.0
292656,24.7218824265215,63.37440247748955,31.823972177869354,1,0,1.0
602117,12.196639181243675,74.80355002809016,52.62960121966219,1,1,1.0
1078431,26.599638040712513,56.57804465555494,27.86054141734884,1,1,1.0
352107,11.671387919952252,81.32003584010465,24.145582921190297,1,1,1.0
45502,20.077801239559747,57.067658946277,16.959963268213926,1,0,1.0
1716343,16.522663952494785,73.35597629434203,31.3308612741318,1,0,1.0
1785929,27.268932885004634,67.69090412689913,15.344188408959496,1,1,1.0
1484940,17.573916798538693,51.44559661935858,41.23116237352618,1,1,1.0
555090,22.69189587723003,51.54590291131513,25.241810379264805,1,1,1.0
1941981,16.856460642764876,65.79330956348173,18.494927524824966,1,0,1.0
637061,25.67356262844867,57.96287048509032,17.907608145878434,0,0,1.0
489550,15.820141796956698,87.0212532030397,58.23651463796702,1,1,1.0
1776218,29.06369100808061,84.67848442757881,37.20674607791287,0,1,1.0
861068,19.86945060138391,58.201638652475914,9.481535875466129,1,1,1.0
263014,12.623879386054597,75.67243571225563,14.467019289437658,1,1,1.0
658663,18.380914964892472,72.95180261560112,33.86210546963356,1,0,1.0
1414018,14.55354968373111,65.06218055809116,17.037491023222053,1,0,1.0
415347,18.15168042096593,92.07866790851882,37.75134091460158,1,0,1.0
182199,11.98130627664342,89.38832839520052,8.729753009003442,1,1,1.0
1397719,18.89209627783356,64.6252401671938,13.479154057489707,1,0,1.0
724533,13.525755502670515,58.774981194514005,35.945303986158116,0,0,1.0
14154,13.61747041390193,64.86529569018504,31.19715520028711,1,1,1.0
178409,19.803174634096024,83.67692397953988,57.03017442416805,1,1,1.0
75269,17.964927410564798,62.089209605613576,26.046305727806715,1,1,1.0
876579,29.96257931662742,70.96521859487204,21.21303194340399,1,1,1.0
1921607,17.761996667211235,85.12191259675114,28.87182659234402,1,1,1.0
1858682,27.14160389752867,64.22906943360013,29.310203718306795,0,1,1.0
1398157,14.92348450971887,77.75930771526326,41.4021617486941,1,1,1.0
249809,16.11510102944868,89.77272788354836,26.800803922633698,1,0,1.0
1278151,24.084708037921807,52.60454207744783,1.666130672341537,1,1,1.0
906510,14.942636282711552,67.2351288023317,44.4296024881949,1,1,1.0
1213240,24.391502393437705,71.5926046018471,34.75820931679863,1,1,1.0
557351,22.669169312510636,52.699270489904734,51.52468426874094,1,1,1.0
233290,28.80807288752535,60.07097384860977,11.610289378144646,0,0,1.0
823000,22.560842953366496,94.67404665856638,17.363249292786648,1,1,1.0
1907244,15.078623836696012,88.86310368794682,26.70891717790223,1,0,1.0
53391,24.17043938446725,87.5862016852355,29.768185326089153,1,1,1.0
680526,17.809709309886976,81.07239649227861,45.23406772674293,0,1,1.0
1517909,12.035624082460277,70.33683959897732,19.595635914499397,1,0,1.0
341016,17.033453161020553,87.58029423525997,51.682286008050255,1,1,1.0
655950,22.811053430599472,70.826366454869,23.26805694858794,1,1,1.0
1692178,11.239030898487636,56.28286552125298,3.684140633997701,1,0,1.0
350629,20.390733809056243,60.11620480687513,57.06537459236432,1,1,1.0
990869,29.009733071066627,81.02070915133127,11.510867423529982,1,1,1.0
1661492,27.907319514513876,86.67811440046935,12.96661189367011,1,0,1.0
684443,28.72879965652381,64.59360830389153,19.504299413477643,1,0,1.0
1454777,14.524592916543266,88.99338230335853,9.485815277229207,1,1,1.0
1741099,11.584711942364475,87.80726241532295,0.065710676346451,1,1,1.0
1845952,15.568204913647588,58.25286091113948,45.69113524792902,0,1,1.0
19094,27.334881509513803,75.42741556709943,49.946938782519844,1,0,1.0
900193,29.121600625980303,73.98020519281486,53.19298939650937,1,0,1.0
1839868,18.661240166793938,84.6248673542162,11.370313288592595,1,0,1.0
483401,26.911154236706718,94.45435068036863,51.53881347572281,0,0,1.0
1940522,27.67675750254911,90.84769745271522,21.017116575190343,1,0,1.0
1765279,13.747510160590437,96.23153786045637,6.068476848780113,0,0,1.0
621110,29.74593312235757,50.370126286659435,49.96648205124794,1,1,1.0
51568,29.274412065811926,69.8995342962742,53.806649819924786,1,1,1.0
1074398,28.10013068782663,56.270071736288266,30.97855572238942,1,0,1.0
263139,18.617762119351934,86.79481148930262,54.762267497002895,0,0,1.0
513276,17.582724328059182,68.84731102037146,4.682223280380901,1,1,1.0
830962,15.77907887779067,99.3400439209355,22.46450161288824,0,1,1.0
1796401,14.299304072676737,66.41395744940667,11.864181461523874,1,1,1.0
627388,24.86909992814408,81.61166425203831,18.956324866998248,1,1,1.0
5944,20.91832505055582,97.69831295026708,47.910327743758955,1,0,1.0
1100631,27.265642760343464,51.9790274933094,57.29868704295974,1,0,1.0
350007,26.572213022854424,74.60761624613939,35.49015358885114,1,1,1.0
800923,19.66053221588252,76.5181259420181,45.47043843690484,1,1,1.0
631823,25.58848942557676,53.03733490012226,40.68387923471596,1,1,1.0
605618,13.199108847432917,52.295539754214204,21.597872313160686,1,1,1.0
1489605,26.35188257012093,75.80277609473272,27.43692341112863,1,1,1.0
800793,15.984674958325096,77.84923120341274,18.0735948707331,0,1,1.0
1741141,12.32052629369374,56.288815801208266,15.402400019861584,0,1,1.0
1786588,29.40548843594744,51.75166452065458,7.392064139101102,1,1,1.0
396462,20.05397262348675,64.6096755758989,23.887301864351087,1,1,1.0
168767,28.49453745190677,61.75479895373937,31.662024283235226,1,0,1.0
184194,27.143550093768376,76.48101114160687,9.763947026180066,1,1,1.0
1533182,25.403231774173484,68.40002656076844,32.13315743329807,0,1,1.0
1662180,15.863716775130763,98.01433894396692,35.99328628585449,1,0,1.0
1617983,12.7141801685902,85.46737855351799,39.24176978166876,1,1,1.0
178353,11.958699718619172,76.99381112862531,1.2958102339839628,1,1,1.0
229876,16.353575540970333,85.33502012433422,41.42385022262704,0,1,1.0
18119,27.159579569411267,73.86614439501433,58.16601408448727,1,0,1.0
1892572,11.056801861762615,99.55837881926107,53.29008562341359,1,1,1.0
1813486,27.29454866770084,67.01088401664228,11.306586697393854,0,0,1.0
584287,24.91853598471235,96.92782061876937,44.72888459757623,1,1,1.0
1268860,19.384547242413152,93.44361557050007,0.11965715904105778,0,1,1.0
622043,25.441896158013165,90.95927744633325,30.875478491297194,1,1,1.0
885444,23.298301637519028,90.86591893784103,13.619967653290768,1,1,1.0
444522,28.503590855135712,85.43475641438096,18.81935964233272,1,1,1.0
1641874,11.642277012158765,54.70931471746149,4.859178559102562,1,0,1.0
558823,12.057561112417076,55.24553045086931,18.6420144295337,1,0,1.0
892572,29.162370894039537,99.36381456938253,1.1817011767783292,1,1,1.0
410670,15.865086328173724,56.112773724276096,24.27530188740842,1,1,1.0
1469997,19.56861436411763,72.67806193563393,59.153729059765425,1,0,1.0
168455,21.92537550917527,67.14301309758376,24.23937065598869,1,1,1.0
1520022,12.904866166977273,54.37679396617243,48.74759162605292,1,1,1.0
1024672,28.41436371004144,68.71899244986649,36.04480360530049,0,0,1.0
1802531,27.582596267450846,62.74620917038955,2.525216826926282,1,0,1.0
1836381,22.89631817250463,64.06446327576404,26.294740932052726,1,1,1.0
907320,28.09764111292035,89.15632901781751,59.01912891216212,1,1,1.0
677638,10.913707754941907,88.96053086794436,9.533474764572006,0,1,1.0
827058,25.475024517931182,82.85521263755146,38.827969598133606,1,0,1.0
616787,20.12775235304051,85.15606410852138,34.08694320293228,0,1,1.0
242027,11.12946837118199,59.13867239990737,59.3373564696461,0,1,1.0
2068,12.458920159520888,64.0543716238664,31.870000396194772,0,1,1.0
264573,25.086895843762058,57.43170236938156,15.384271212566084,1,1,1.0
1621240,11.459959022138635,96.25492299888522,28.059736843786933,0,1,1.0
1792792,12.295406648396611,79.34619707905551,23.860088718082157,1,1,1.0
1213897,21.66872576351168,61.35162498479321,24.153298580524364,1,0,1.0
1864012,26.19833877070514,80.68712123447716,11.4309825746219,1,1,1.0
181063,19.466784943004882,63.540469817297804,45.426382234559355,1,1,1.0
30357,22.590420768513848,85.34276844817214,33.22905045463384,1,1,1.0
1071532,24.436007701,76.37899568416364,24.607694006386392,1,1,1.0
1805454,11.26941789174149,77.19906214475333,51.66232525690135,1,1,1.0
1764709,22.730370243470887,84.40298712532122,3.5070905131211916,1,1,1.0
1272923,14.440104516288226,55.99524544386457,2.780840282050141,1,1,1.0
1832969,16.688517152896015,81.76541468675427,41.329468935023804,1,1,1.0
1298142,29.573116902265486,84.33578125049381,30.32660736979996,0,1,1.0
421272,16.395873947069315,62.88792199896705,18.782080836219375,1,1,1.0
1818959,26.669015986909116,55.350502763655406,12.980328044360478,1,1,1.0
1027931,15.85580560228917,58.580575494854166,1.2489876473043027,1,1,1.0
164880,13.791384037348717,59.28811877208396,58.97693017989154,0,1,1.0
883921,23.636461116554855,62.856043666650415,41.95479652984843,1,1,1.0
1419372,26.372293763935563,89.67658588828884,24.3720558533632,0,1,1.0
288371,14.971440781845864,83.74548923891045,27.651339166022847,0,1,1.0
1527689,28.501526135045893,57.162701478020125,41.38777432628999,1,1,1.0
1744437,20.35032402323939,86.81256146468357,39.36860043826552,1,1,1.0
909371,29.659848366975524,80.69869032272746,4.79692700320864,0,1,1.0
602642,13.421814229772366,94.96864092694233,39.114716686963234,1,0,1.0
1586044,11.119013298453398,73.00872219273245,28.687194827744783,1,0,1.0
408177,25.692688490151347,50.577024121686485,44.390299216646184,1,0,1.0
1087125,17.659669729130464,73.20155196756639,51.043317294935626,1,0,1.0
1839019,27.903572810079396,76.1421632823034,26.872331457036942,1,1,1.0
1514675,27.004485170499894,53.16769021718791,13.210058478973668,1,1,1.0
1282679,18.319269401000714,99.7211079045652,5.027750928068507,1,1,1.0
1797651,13.468090180480097,74.02488585009597,28.69271230627068,1,0,1.0
1015570,19.43032137266909,65.3655728171309,10.702960596311462,1,1,1.0
256971,28.111289679059045,62.17983732443014,2.463009890161665,1,1,1.0
1309595,13.241452656234188,63.71867243206086,53.622655074875944,1,0,1.0
984193,10.441883124442029,62.211136337789206,3.2394142903738365,1,1,1.0
1344862,21.425520534691582,90.16361975299725,31.11311747640775,1,1,1.0
1320680,19.713516071671044,76.74643973718466,41.2437925407458,1,1,1.0
1154605,19.06481214513047,91.07344365189954,8.67549704896523,1,0,1.0
1214283,14.600845237651415,93.55060027360602,10.732853258152584,1,1,1.0
1555392,13.429712042666495,65.6619224975989,49.51502383327232,0,0,1.0
938878,26.334137341252028,59.73616167689835,39.48732441780471,1,1,1.0
1477945,29.467427198393384,88.17979568291048,44.074431378857994,1,1,1.0
970193,16.226882091434323,75.0229818865208,4.147252050894039,1,0,1.0
338918,25.976020442095997,65.16000975000804,19.784988998711405,1,0,1.0
1899183,27.33043209216509,85.8035593022106,38.793144647719494,1,1,1.0
485208,22.207509167696394,81.3474504849009,20.110867546183574,0,0,1.0
1964608,17.196083863077803,86.8985390782835,31.771587314173544,1,1,1.0
1465401,27.976229109826303,98.96144095921696,8.658529556940344,1,0,1.0
627533,17.23287169475963,72.96643751582891,39.199757944882236,0,0,1.0
916324,10.709415270735498,55.62731633851452,29.48296751013151,1,1,1.0
1276319,12.797515864230196,80.50842652519428,3.3319378476017314,1,1,1.0
1569650,18.195247814124578,60.028224168890176,44.7954962675995,0,0,1.0
1078902,22.78876545452893,83.6646408376649,0.32253812770382195,1,1,1.0
376953,26.856201437594674,98.39180320143136,28.523594567987935,1,1,1.0
1590748,20.292282144265645,85.21187697868541,17.45821774480547,1,1,1.0
1329882,21.803790786394366,81.15583494223894,33.06173267267453,1,0,1.0
1751589,15.989565475255546,77.34135235714062,46.53897759524115,0,0,1.0
872583,19.735511824591836,86.26161382647312,3.853913368711359,1,1,1.0
1266322,16.163989561264785,94.67251748404661,15.233316596125396,1,1,1.0
1361497,11.766401124932555,75.0215979313526,3.9205139845693004,1,1,1.0
1282116,14.752321559779478,51.65556242883007,7.8798193539200305,0,1,1.0
29524,21.016692243410915,75.751541419433,42.50943030473572,1,0,1.0
1680352,13.531956707465607,66.67307581981314,47.85771516763966,1,0,1.0
1953386,12.117997662757498,92.03905575621344,39.4076450901883,1,1,1.0
1499367,24.130289529008806,63.51362471932188,51.69272909106307,1,1,1.0
1328787,11.010788192813795,70.67919271330753,2.7638636801751537,1,0,1.0
303705,20.300420926433134,88.847555217566,45.611895766867825,1,0,1.0
1751420,10.647647234531403,65.55034362747645,7.533217688281971,0,0,1.0
427318,13.755406829995371,93.79295507344095,26.29931389483055,1,1,1.0
1324290,21.819306080284747,91.70555408352385,15.847378413959047,1,0,1.0
1220718,11.610994006956847,53.171272888348945,13.999054993160222,1,1,1.0
1383947,17.882182674968732,77.42592342052477,48.392732569482966,1,0,1.0
792416,27.92426727558912,68.95634725564874,40.91941647529239,1,0,1.0
1056749,18.68231221700974,60.50067993933389,33.04860757746336,0,0,1.0
1548028,14.086826045368843,79.64774175098982,47.341720200177846,1,0,1.0
1941361,11.30340646702884,50.35604040594438,2.3404164602927735,1,0,1.0
1730601,26.822282801482565,59.955400067325755,13.503991627348686,1,1,1.0
150635,24.698932414453683,92.86107141848042,31.87406623513587,1,1,1.0
1794600,27.343686751063622,86.98937607773746,8.2362733204552,1,0,1.0
834207,25.715912635317785,69.94450371787428,43.16391774410015,1,0,1.0
1871562,14.347475945184406,91.54131641421748,38.76235195841437,0,1,1.0
326411,29.489232279752592,96.299647449274,34.299482722410275,1,0,1.0
361723,23.884847012898163,85.70778691280329,1.9697488443481204,1,0,1.0
246041,26.554656461466145,55.61079778656163,26.897585566127354,1,0,1.0
880106,14.457365026306007,53.477289775364476,48.01140606363057,1,1,1.0
862993,11.25658319837216,75.07663149480581,8.054981229790013,0,1,1.0
419904,21.43457671954838,54.99118607341272,37.05427031258868,1,1,1.0
89198,12.51326931154888,57.181681050168805,41.05044191095338,1,1,1.0
449166,22.967730192244318,53.708653651152886,30.250998106264046,1,1,1.0
1541738,15.170616434337214,99.4693933135369,25.09725946435067,1,1,1.0
607677,22.839732931203393,70.43607731804859,41.54821318717953,1,1,1.0
666673,28.005628839465835,87.4619433139761,4.850873046260212,0,1,1.0
1009702,20.281404906882983,79.16316199768946,50.43389368780426,0,0,1.0
1040644,18.98313501424608,92.12281760023663,52.35246032524064,1,0,1.0
1892666,18.715887850249107,88.52450210935666,40.01617104913164,1,1,1.0
811038,13.502298167817834,84.85113249365426,29.681160670462322,1,1,1.0
599678,21.65682118388422,56.3393790807703,26.547652982684472,1,1,1.0
1544828,22.377053272850347,68.94140684355173,40.75511946497296,1,0,1.0
906843,17.897706512698626,71.6159156633101,38.16121278367892,0,0,1.0
772497,10.51565711971445,86.95263647901251,47.148728181441975,1,1,1.0
1239251,17.886030178932963,83.0559028800628,40.13833151853801,1,1,1.0
1639878,15.150039627515488,70.20979006253502,54.24161988985072,1,0,1.0
861196,21.947395504359733,75.22539898658412,20.769463532695653,1,1,1.0
373275,23.796313836139866,60.132828194060764,56.86600636606905,1,1,1.0
1857722,22.22045756714943,80.57399216057787,50.59430351705157,0,1,1.0
1504550,17.96664113631103,52.60767167286589,13.3349421360811,1,1,1.0
1448956,28.971029763338237,93.01520079611372,36.21443568842879,0,1,1.0
553047,17.548104373303218,84.18791014714284,47.46246152517882,0,1,1.0
823535,28.009878435898045,91.4093024586102,4.976354785246846,1,1,1.0
1060996,28.213013230871166,54.75044943717544,50.81071807859644,1,0,1.0
896796,11.187911054170534,94.7254866127413,53.48860384634159,0,0,1.0
1492718,14.040610375269596,78.83219168717558,2.4628109894731853,1,1,1.0
233701,23.16261877151567,54.25600408637972,49.500773043544456,1,1,1.0
1611467,18.486696375789215,60.357181056851374,42.31699695174531,1,1,1.0
989471,18.600065817019065,78.70821766600808,55.97237275256481,1,0,1.0
319826,20.444578768910056,88.13941427941174,32.71091195428014,1,1,1.0
874444,24.66595552424176,66.37560061717429,45.83324862067703,1,1,1.0
724818,29.199755732335106,54.268829264231556,29.85985460371317,1,0,1.0
386859,23.15488683166533,99.58787481438335,12.069986644184942,1,0,1.0
1621932,27.170101642362376,76.36034662997201,39.755899894214195,1,1,1.0
1163686,24.364912834910687,51.559542531347994,59.269365675025654,1,0,1.0
49644,11.85995076350698,52.3199148509324,12.505425919083963,1,1,1.0
910793,24.557713819498275,66.07919686123824,58.52879522411103,0,0,1.0
1576046,10.131718631361794,82.28403567409812,5.630068178249179,1,1,1.0
742911,23.251426250244837,51.892507718706426,11.209907658564033,1,0,1.0
912290,12.598620125856549,88.83396067691515,43.90571054401936,1,0,1.0
1747779,17.260361982662847,70.67523749943798,33.05816934346482,1,1,1.0
447662,18.375010585109518,90.09913480604206,58.87816649097047,1,1,1.0
320230,19.683697226721677,82.02768716026597,58.36989959135358,0,0,1.0
1458079,16.824466322941884,52.810947431411314,53.99771429579283,1,1,1.0
204941,25.727814580103633,85.66831522324648,40.64984580845427,0,0,1.0
1817690,17.203119361382605,70.949478097559,43.89247094184797,1,0,1.0
838411,11.89915512319752,77.77294003262747,29.313430124197982,1,1,1.0
234490,28.980570163786872,65.28282863507087,6.929773861825437,1,1,1.0
1682299,22.81207927754393,80.89763425847195,52.186487175903515,1,0,1.0
787677,10.756840160151608,88.8129896848782,49.35912637156597,1,0,1.0
687231,22.844708174141566,93.55899825112007,45.824349767760914,1,1,1.0
1903578,14.972217022586952,50.15098241254029,22.89871289658359,1,1,1.0
829969,18.2541254437588,59.078445178056214,57.889914136944085,1,1,1.0
541880,10.918106313891126,84.0762922940956,50.3758081540138,1,1,1.0
462287,14.942843335592448,53.57251405808453,21.25109879629519,1,1,1.0
778333,19.554768319414116,91.82076457167108,50.982820620304274,1,1,1.0
1637166,26.654919782515268,80.78037086810095,14.91418316861202,1,1,1.0
515755,15.045576879424704,67.4903996411906,34.69351473695465,1,1,1.0
545419,19.619275260110697,78.8548693754264,40.18554157498451,1,0,1.0
390034,28.69992839951246,50.19609203552014,18.078234382628374,1,1,1.0
782657,18.32637426672143,55.02944091920299,8.008594255527736,1,0,1.0
1192140,14.534138708076618,54.634209023606445,22.795099776628813,1,0,1.0
1574588,11.836372262034708,99.16560123518487,23.843139980803095,1,1,1.0
1788047,20.312827763747748,90.1773284656158,10.209909913728072,0,1,1.0
799806,17.06678891501582,53.52254916494258,46.574185992550284,1,1,1.0
411364,21.176634132132953,64.59169117160549,32.63721041202217,1,1,1.0
495282,15.614396169300509,57.4353132227862,30.52500423373765,1,0,1.0
1222099,20.65386300564909,71.6709148795202,40.05301722145629,1,1,1.0
612009,27.353930681123618,70.44155690528102,28.28739678076698,1,1,1.0
1439210,21.128624956609347,68.6707656265401,28.27500183889727,1,0,1.0
744221,27.431608793923854,84.83928789937714,5.39943584525751,1,0,1.0
1897788,20.858763078317693,78.60591294193912,20.741755198279634,1,0,1.0
1960926,21.416760243117494,63.542425604782636,10.6078467285135,1,1,1.0
585363,23.649203624001597,68.32199160833736,59.6323167713222,1,1,1.0
193107,24.032184998747773,89.43361579874848,52.35393347673684,0,0,1.0
1944224,21.70502671846738,83.60552998612343,40.79243856577161,1,0,1.0
1000852,29.200996273452464,56.89549740912668,31.118385411207147,1,0,1.0
1408709,16.91104642341044,62.37272646558692,36.45765202237456,1,0,1.0
1069313,17.280159768470448,80.0881362833453,36.97455999114833,1,1,1.0
362151,19.85425532525433,85.72289046626696,28.134605675633765,1,1,1.0
209842,16.096914261743557,92.19642813563817,31.773306979260663,1,1,1.0
1546935,18.167257391702766,64.41876225332419,16.264963434137844,1,1,1.0
244259,16.80028279855319,62.678276805106854,55.75544886818998,1,0,1.0
1351781,23.09282776323806,73.20828945169266,31.843660638345145,1,1,1.0
1433936,15.007161197907955,82.27785971271115,45.26643757874502,1,1,1.0
1732143,20.011755262695864,90.43892829137494,50.73287652125014,1,0,1.0
1369185,13.99394860572103,61.916317702788945,13.5497448085022,1,1,1.0
1136417,24.120985634543093,82.56333394909933,4.02598571772632,1,0,1.0
693024,20.09197580581794,88.28462786757507,56.87317122931778,0,1,1.0
93168,20.292199422705014,54.88645752942165,34.63533854592589,1,1,1.0
1425145,23.088283766109683,65.67609869135494,42.83779515721722,0,1,1.0
616760,22.15163818465296,58.367758245093846,14.664224412268279,1,1,1.0
173705,17.799337412868432,81.09962989736951,40.267930747958744,1,0,1.0
1769654,28.308142046767223,61.55179152726128,25.217807809979455,1,0,1.0
241176,29.98058572744804,89.7664554613566,3.898033662668483,1,1,1.0
919548,3.904575961723653,34.60744211777092,891.8978102864592,0,0,0.0
780292,18.37680232613477,65.0505770833166,208.72496341477483,0,0,0.0
389774,13.832620685116622,70.2097680984355,1927.404948238809,0,0,0.0
615660,0.2622862749300303,3.900864797952097,153.67765015259334,0,0,0.0
805081,13.638093082159859,81.69064534222721,2876.2897876328807,1,0,0.0
914964,6.644606163945916,48.051412284712825,3144.313901388612,0,0,0.0
868907,5.448942025803259,42.30795683319612,3141.9504987846894,0,0,0.0
903472,12.907194583162271,41.53033604039812,963.9331718221708,0,0,0.0
407012,1.2496046864653332,86.03170665319807,1013.4166702955104,0,0,0.0
359372,17.039015846519657,36.630867903446315,3182.4965541294378,0,0,0.0
488426,12.223645903615633,98.71592673774151,936.7423370215887,0,0,0.0
739168,14.401194232661554,70.7807778840754,2122.2571092511653,0,0,0.0
750330,2.80356434593954,46.09578881703755,976.2409922234945,0,0,0.0
718020,5.048122584907326,65.18940932667931,1337.4466172093712,0,0,0.0
213875,6.563854116952137,51.46976733522893,1980.3084803636766,0,0,0.0
325916,8.130909182710162,89.58502349010105,983.473247126266,1,0,0.0
529145,12.23668396546195,26.13078933253824,109.58306332694177,0,0,0.0
94559,2.579401488765596,93.37781418038861,2855.4298226209467,0,0,0.0
878446,1.9247378094202605,69.96134524671113,1812.1204464764758,1,0,0.0
648647,8.65495254459385,38.02532601864947,2754.6425012566942,0,0,0.0
790512,9.301575633316618,35.33706065233757,2058.6443986640465,0,0,0.0
331678,14.380780923116214,55.28125418796513,1612.630226262391,0,0,0.0
903399,5.722322617633231,64.98739207639133,951.5502934533132,0,0,0.0
333222,19.16537504020662,8.722786761011946,2034.161709855028,0,0,0.0
895278,4.104563527395342,57.263811151161136,2384.3394471031506,0,0,0.0
212168,14.777439676181297,11.54617075968407,3033.1743425723957,1,0,0.0
759096,13.236602494020227,83.11818406725064,786.7931196340955,0,0,0.0
609774,18.0570441947966,94.418787187034,162.52707627507147,0,0,0.0
770099,2.125425066287201,56.529630009511656,3481.3891134026317,0,0,0.0
763821,3.097308469869795,24.658355318320545,2630.0517249799623,0,0,0.0
789494,14.904437495125997,97.28693524027085,3492.515762221351,1,0,0.0
297699,15.55698068624972,88.16307040732634,2971.7753495270886,1,0,0.0
328636,17.915818002848773,85.04914315611826,2786.030527433173,1,0,0.0
333031,5.634202142895268,30.058981849579514,1372.7838356152324,1,0,0.0
509241,8.237248796542808,4.299535743418003,2539.780974524836,0,1,0.0
581465,7.497003031033202,70.0348422255589,2722.6607063417555,0,0,0.0
510837,2.7210215731698906,37.260080359804384,1158.4224348714224,0,0,0.0
259112,2.229943142119155,97.29685463036618,3214.9718856087334,1,0,0.0
383486,17.048386733595557,4.5986862049119726,2577.587025635562,0,0,0.0
521364,18.669991413996485,29.08585078831585,1813.5811675349537,0,0,0.0
798617,8.78199016479704,16.215612925747756,311.67390773120644,0,0,0.0
957304,2.8720393184152426,97.43348887279257,484.23896954085006,0,0,0.0
433501,15.52623458904614,66.76210414298328,560.8081768442969,0,0,0.0
425350,7.104932391026077,38.65604853614245,68.58917736173899,0,0,0.0
257401,16.343169910074597,14.526251183685146,3331.6100378252713,0,0,0.0
770734,14.64383600593919,66.8532855026328,2309.176811189004,0,0,0.0
254936,4.359147136602783,52.30769604151031,538.782118284332,0,0,0.0
491817,4.000783220165971,84.92480071219774,610.6562407503618,1,0,0.0
623097,18.243076988110786,80.59504890021483,858.6714466861739,0,0,0.0
42070,4.178561545451989,63.1391873461245,3346.3422352107773,1,0,0.0
950588,14.129131888929813,7.676377141911194,277.1880366700959,0,0,0.0
732037,1.6379003608504639,89.88736036306074,2291.412601630173,0,0,0.0
810886,14.526920365079217,22.45963122285041,3400.9097693049816,1,0,0.0
315119,9.636320973978085,27.565544162543254,1145.9960076956702,0,0,0.0
275494,16.183419354528322,42.970370182709225,2563.8924799407973,0,0,0.0
588032,3.814078011261115,59.01225229077674,453.2184794399069,0,0,0.0
38819,18.47842654900137,97.47414218925671,3509.11851497143,0,1,0.0
663976,0.3771527992021362,98.92756424391405,2683.75773603617,0,0,0.0
492661,4.302973555067002,54.697500486356645,2894.9849909137592,0,0,0.0
857946,3.991545821432212,19.92645090938321,1562.4675437524318,0,0,0.0
970731,13.532858244306432,74.89478776152917,376.45040845441724,0,0,0.0
401232,15.267387192728801,11.76443054780264,1450.9560340284575,0,1,0.0
839209,4.996572229270788,98.16412729641388,1328.5998973214437,1,0,0.0
436891,13.553300328139077,61.98167166627713,1144.7118482035003,0,0,0.0
554011,2.4425116503748567,90.29449030770661,2695.9418069009457,0,0,0.0
148648,19.97907830458341,98.93458830296713,1673.3036590863048,0,0,0.0
538421,14.448150894877848,69.19700136301155,2470.6392555828706,0,0,0.0
502751,19.539719869420885,76.31996997929785,4.048321411653832,0,0,0.0
929056,14.105250201948758,96.32699620992203,696.8823576268736,1,0,0.0
170036,5.089016343851094,89.99710820752554,3369.185100558005,1,0,0.0
93052,16.673121627445507,87.77734095766172,3467.6850954989773,0,0,0.0
695344,13.29877750953707,69.65171768795449,161.3882721363324,0,0,0.0
884490,4.306101488618563,41.315275654271424,3023.899782262594,0,0,0.0
760532,6.382600302136834,37.66546957790332,813.9973001900433,1,0,0.0
615543,11.275164601401258,44.33641062468148,651.4370907474666,0,0,0.0
633973,1.0408314318914402,73.33611693131718,1067.2346241073324,1,1,0.0
129010,13.17461657645179,3.0711245513257213,1164.2238676373427,0,0,0.0
447559,0.5121772858926144,33.20238759955667,1716.0247686382572,1,0,0.0
328470,10.81606308445284,8.435749965900829,2252.1033155990326,1,0,0.0
189727,19.319949437428495,6.81787320424585,2703.641705234911,1,0,0.0
637281,5.35015301132558,5.607277497973573,384.45567117748266,0,0,0.0
177604,2.004456918105202,58.251413343005574,2431.7395904584,0,0,0.0
917876,11.503462936579519,0.8532458096564999,405.26294783969263,1,0,0.0
752360,0.8449376619926818,31.642503985986046,130.0083428613425,1,0,0.0
994132,5.340271756586916,58.097946630269426,148.91715053063433,0,0,0.0
106182,2.3781758122575725,6.395493114560235,376.8618648466236,0,0,0.0
789517,3.8641832765220174,43.129370938838676,657.671285225422,1,0,0.0
650001,0.13899942950359456,69.97574732883372,2737.23257336072,0,0,0.0
13487,13.017372675621388,57.19508372372062,1136.2262114246637,0,0,0.0
663278,4.39784227062775,76.64398763048723,631.1182968407359,1,0,0.0
683096,19.724452395384542,3.1360272887805185,380.1065310659062,0,0,0.0
713435,10.8211853680208,54.31448117319143,1297.8315648434368,1,0,0.0
890928,3.6173756182824945,51.99667880163062,1598.7431904941006,1,0,0.0
536571,12.91246970508075,17.573349461159804,3528.321785713963,0,0,0.0
450676,1.6687598798186953,90.7964953953732,3392.823864916354,0,0,0.0
468306,12.345228971890558,96.15990891680396,2922.0544965096838,0,0,0.0
175127,18.988959616601456,38.82761734481767,453.28871333768245,1,0,0.0
331770,15.924336872342357,78.38945423031763,1728.6216481363363,0,0,0.0
153677,5.956601502171106,69.73561920940114,868.0794902697978,0,0,0.0
472198,5.7646781635313875,31.05706826424767,2961.358482573444,1,0,0.0
642203,16.302875365797554,22.200384149099673,2719.6659874227757,0,0,0.0
445330,18.55934882037818,26.058368483963434,1603.873846467908,1,0,0.0
703608,6.706157416561678,22.400394599447104,1382.6555917103276,1,0,0.0
122597,8.630084237990612,30.4266282272751,2876.730618353737,0,0,0.0
866173,0.46658455579159597,23.406770946904032,3252.89518847343,0,0,0.0
684526,12.961144257566321,5.34096310069434,1925.4031286715176,0,0,0.0
756237,9.561520742773642,50.15227385106097,77.23509603375933,0,0,0.0
610359,16.488082860349365,33.31203516205525,3266.3869888552886,0,0,0.0
321712,19.32305099414269,95.2615799402405,3572.9766609305425,0,0,0.0
550450,5.982204150852677,14.029518620846149,2149.5068290007634,1,0,0.0
296359,13.518185556874261,87.09836221796448,1854.997646190548,0,0,0.0
767866,0.42507673258390444,8.747509829115895,2754.162673285661,0,0,0.0
851744,14.404723898269918,42.564222186775844,2087.313314026754,0,0,0.0
423653,7.719085484117725,26.764007017702628,1207.7575115458703,0,0,0.0
65177,11.295448781736654,28.025727089458996,1599.7475977837216,1,0,0.0
274895,15.765678529781557,45.58250352406896,3415.9796261785864,1,0,0.0
169175,12.7226107936769,31.06430090860609,3349.4252124492855,0,0,0.0
570962,13.535494350299553,32.12987892592778,2325.1479982854844,0,1,0.0
283316,13.0316006658935,76.54640203824727,711.8335796864131,0,0,0.0
422875,6.898309553871648,9.863015492541416,2693.6787584301646,0,0,0.0
503383,3.4571401224678056,54.13190618190177,3422.456570365832,1,0,0.0
921352,10.962037801857822,16.015366700695523,500.8289947644285,0,0,0.0
490671,18.10099997411519,65.77910379663356,1347.71534569597,0,0,0.0
965616,8.027555161955194,85.44465707234082,174.86874478963287,0,0,0.0
59514,7.76056154734551,56.984103661909636,3265.84930519085,0,0,0.0
526658,11.920464858482568,21.417422309299273,3315.8657457582813,0,0,0.0
201438,13.781293946644361,46.7217260231657,2037.3388429484846,0,0,0.0
752414,3.89077050912894,75.59044147012315,1769.7678092355786,0,0,0.0
774093,14.258281066623864,37.96063334597161,898.7957909618245,0,0,0.0
715844,3.074507024063189,0.2916919654931349,3335.592757506891,0,0,0.0
161934,4.656866345392803,82.8813205433389,1212.7434436375247,0,0,0.0
119159,2.285695438240718,56.64134468506769,3438.0203587472847,1,0,0.0
230814,4.978605578881763,20.809867103070356,2566.5851319271746,1,0,0.0
178127,9.407429043500477,0.23942344462897225,1428.1536812101226,0,0,0.0
253078,9.73905313302286,31.642619971315035,1410.141116827881,1,0,0.0
482916,8.699868915466705,93.01568934991815,1277.9445431068739,1,0,0.0
346264,15.693452854403702,72.10618869772742,968.4250591463109,0,0,0.0
691020,16.33643636521149,80.60005895397822,750.3632605287015,0,1,0.0
253267,8.197808482755455,85.33939592319399,512.6913085252692,0,0,0.0
686528,0.07059222159099265,92.74661306503829,1188.2036326090608,0,0,0.0
925366,5.181827970559613,29.510103550799137,1547.8581411766952,0,0,0.0
808220,10.45484247129409,68.76477163670171,2286.530071066577,1,0,0.0
807751,17.89351779636567,22.578252587026924,2174.9824659577375,0,0,0.0
339392,6.9810434846589615,99.20251731885602,46.10346125632741,0,0,0.0
23010,4.980329875735768,12.169325387789598,1543.7729978141629,1,0,0.0
975117,17.344641804665002,24.812793516344676,274.5817340539475,0,0,0.0
962767,6.016491995222005,54.630861437483205,2808.647378868206,0,0,0.0
504420,9.109626293000467,7.849415285285765,724.5941788546894,0,0,0.0
886197,5.2922383984349235,47.07384600088882,2561.0428224841635,1,0,0.0
858987,16.962702656273482,39.35789495047464,2137.598704649188,1,0,0.0
62186,18.89201868983683,64.72399585470102,463.7525459723319,0,0,0.0
982512,14.554786812833722,55.153441617612685,2744.3652538816136,0,0,0.0
614416,11.158831932189436,30.410309849977924,3137.292147262911,0,0,0.0
173806,19.734500339574524,46.09591034250826,540.9151326628776,0,0,0.0
740879,11.157025257193052,92.04678133022904,1350.6811222126773,0,1,0.0
244893,6.049446783267058,7.724787976927661,3283.870709172033,1,0,0.0
202532,9.883284603830129,18.895477716872833,2460.7594734710356,0,0,0.0
66707,0.5744663501982417,79.81193679736465,565.4819699954946,0,0,0.0
704060,6.3207754165929675,79.5299879434855,2135.320214119026,0,0,0.0
701255,17.31380013806489,67.06831762823083,641.2919026433423,0,0,0.0
707642,15.85460547629933,15.769935926600242,986.0826816241024,1,0,0.0
551487,12.14751537121157,29.486219918934264,2290.2856431057157,0,0,0.0
780008,3.082494635763371,74.64108844291913,1225.8219887351488,0,0,0.0
562032,6.57752689118211,50.91940841848467,1143.4673169833138,0,0,0.0
410851,8.365567154244841,67.52778351529956,2100.6688941890807,1,0,0.0
314189,11.354611201210524,91.63482411575062,2311.8073314265584,0,0,0.0
938893,1.7837273851732127,74.3235605546027,929.0197483502964,0,0,0.0
671366,11.302996925771808,36.52392641690236,2361.906188767619,1,0,0.0
765188,12.445890846392437,60.63874107138827,919.9748278831343,1,0,0.0
68381,8.594720083984747,14.793827265208016,3458.7881743985104,0,0,0.0
790101,11.79039059161433,4.090870875625152,2308.4524251085973,0,0,0.0
460823,18.780625079432966,58.80343647343537,1898.6424197809167,0,0,0.0
506461,10.514347327072036,47.043990994452834,468.7601037180663,1,0,0.0
739119,9.211374689459022,86.58557307895649,27.488904021420346,1,0,0.0
394533,16.421462530527894,57.12055577575994,2606.120246347246,0,0,0.0
919884,10.865537006554478,90.12122864747151,1980.9319300961974,0,0,0.0
752731,1.4052113256060461,64.4137087139133,940.8628172707602,0,0,0.0
366326,0.7106464086223063,35.914052036251064,89.10026551453014,0,1,0.0
935708,14.919036318330722,55.837858543168096,3367.7581753969,0,0,0.0
774191,7.110422271974999,58.51330097760153,3039.168345929248,0,0,0.0
723148,2.6498535005310098,61.494074551093206,2752.6761342940927,0,0,0.0
786719,7.440053388504313,65.68978827846786,911.2937116728979,0,1,0.0
3511,11.303438038502023,60.994447390670594,1178.025233697692,1,0,0.0
231708,0.6359681933039263,12.20897143194759,2299.6208610730027,1,0,0.0
622566,10.914071311051192,12.380684272698028,2595.0414852823496,0,0,0.0
890278,4.559550802164123,34.21617000260324,1239.7065354923677,0,0,0.0
687257,19.92633298167275,85.06259805346895,2132.1259917779125,1,0,0.0
446032,18.88136243443868,48.48744185140972,2914.9060529779254,0,0,0.0
408015,15.571538956617264,84.17794260554376,726.6437096170473,1,0,0.0
954300,3.0896262445895073,51.28459757962145,2821.640363002006,0,1,0.0
801099,3.5698183709827203,6.110066947779281,2754.620933292617,1,0,0.0
323758,10.125773015800332,18.16176715970661,3373.884438586896,0,0,0.0
898350,5.088085923705547,43.361823582022375,3269.9000102255345,0,0,0.0
546443,8.880690976127575,98.53653618862474,3094.589165243518,1,0,0.0
156886,19.875762780035636,72.61316194643466,3298.26276141167,0,0,0.0
990575,16.034230402476833,23.67622866292731,2834.988484066549,1,0,0.0
268548,16.93144696724727,13.689390047388772,1025.5140897884596,0,0,0.0
762938,2.2169854577458725,4.190636457749164,804.8156970671615,1,0,0.0
883418,2.424078214609937,82.65436414190516,2138.4992069869663,0,0,0.0
265866,5.3114369030783255,74.41973588639502,865.9011190225375,1,0,0.0
579561,4.025933318354198,87.2969689776966,986.0242153119679,1,0,0.0
952538,8.00424050885514,40.55218011565225,1474.6584828830069,1,0,0.0
983392,6.944074379170302,51.488087609181264,1111.3345301634083,0,0,0.0
740438,1.1028125777803677,2.2129098263707903,3512.555501905367,1,0,0.0
176282,11.760133646307962,36.20045263249444,2045.9442359028005,0,1,0.0
166570,2.535823953002847,77.25112816034238,1209.4794017873592,0,0,0.0
540066,9.64483285061296,25.291195849892233,550.4180890399495,0,0,0.0
759995,12.993309758913274,87.92642559664763,396.2855208673827,1,0,0.0
328645,12.087617498468628,78.0347703027228,3328.28738801077,0,0,0.0
721730,13.605729206280856,41.59710850285592,2464.916255885078,0,0,0.0
865855,10.06516215853053,81.41804292907142,2530.32453046297,0,0,0.0
487685,1.6753012123025846,62.15052290486497,2516.226917105172,0,0,0.0
442460,15.969453542064675,57.26663788520662,516.7280248896978,0,0,0.0
687587,18.645906192733133,20.721219300003956,3040.481627816962,0,0,0.0
65818,4.257150481895349,76.3582798320825,1849.5633878112649,0,0,0.0
358747,9.717214625394623,62.432221033301715,1659.6453822196481,1,0,0.0
634835,11.880843761167153,58.33273104707048,2538.237199791037,0,0,0.0
562883,6.289451546441405,62.243109211894776,2881.9085799160753,1,1,0.0
618576,19.454476350311303,25.208382197336153,3399.374511171592,0,0,0.0
204434,7.322832892542371,24.01920880115468,1637.644812289279,1,1,0.0
603105,9.323730265147582,80.62743053747823,2326.9476646954004,0,0,0.0
45692,4.643340653863786,4.900213625403871,2092.6612790616737,1,0,0.0
949333,18.6522739780712,88.13508879539455,2713.22298965338,0,1,0.0
256941,2.2411660963281266,9.343489232855495,826.623255962656,1,0,0.0
852608,17.860694895249704,38.5164823067573,2584.8725957168363,1,0,0.0
940655,17.79695928424784,27.50685081861557,1260.702923449469,0,0,0.0
716485,3.770999415770069,8.188735009570536,2807.863831994699,1,0,0.0
740590,14.755601557389772,23.062930038335637,3436.3317852432024,0,0,0.0
562197,11.414767174908718,29.814343203372427,630.9271338063954,0,0,0.0
542401,0.061953752036392196,97.02368107421422,2210.731753127068,1,0,0.0
694685,3.9151672976369167,93.5127036270633,144.4768225539426,0,1,0.0
559676,10.797656009852075,40.177907343603636,1174.1944014683131,1,0,0.0
969021,10.509388636031641,25.559558328147315,348.234329589606,0,0,0.0
134823,0.524480138537593,80.38472668318491,2333.947867480763,1,0,0.0
70632,17.68564961933007,58.789196800014565,3425.506129633726,0,0,0.0
680184,18.41169939825913,53.87082833420297,2646.9700980713455,1,0,0.0
727209,13.978380507900514,69.10575708644058,1112.602182267527,0,0,0.0
213743,12.358038107214941,59.59863992428199,1439.3961021296589,0,0,0.0
294276,0.9672518829096366,46.044109809974586,2145.5756859981107,0,0,0.0
925129,12.675775447197319,1.9887903288247966,3176.3960053102287,0,1,0.0
447147,1.807725845210697,23.88837956177997,3247.5511512269036,0,0,0.0
675970,16.26955882429022,49.11093242421798,2342.9397226245296,1,0,0.0
534429,15.732363973447153,13.744963860722548,3106.0837766479494,0,0,0.0
118589,14.967594781387268,0.8624610981411207,363.7500244857515,1,0,0.0
558434,8.79456137330198,63.785476921880345,3357.937750005203,0,0,0.0
308914,19.040887830220207,79.55041760842477,2535.27389175479,0,0,0.0
781991,1.3304594367511835,63.45266315927207,395.2114191269507,1,0,0.0
758890,19.195862277208757,8.429590319631053,2298.120840354073,0,0,0.0
219298,1.7646754468461734,34.15871657685804,348.6417252510231,1,0,0.0
497826,17.15359234840834,27.33005298841177,1249.7604961073584,0,0,0.0
621305,2.9870974627358393,81.02048375244173,2279.5186026146307,0,0,0.0
668685,16.308652086727044,82.2567788917566,1176.4254180527216,0,0,0.0
945268,11.760624614265044,43.49785287451753,3337.6078194022357,0,0,0.0
340222,9.703961573109066,33.615254233779915,1916.6371726834448,0,0,0.0
146009,13.352626924774619,30.265973199586092,205.93832596685374,0,0,0.0
997469,4.3062815364487905,82.10474320488396,1530.7450218227946,1,0,0.0
439149,15.673680168938569,4.166285183651786,3418.9412099618917,0,1,0.0
524476,18.387427731127943,73.82512235045667,2504.8398978800446,0,0,0.0
668607,19.85940108963048,9.72566113902873,997.0045251017713,0,1,0.0
88960,16.693081647103686,97.0995277934096,1193.276080527366,0,0,0.0
581932,1.1737135536736099,19.169361913370007,2188.856239527415,0,0,0.0
857046,6.069494371559365,83.57555331012591,2209.35720276318,1,0,0.0
677554,17.779737172442626,47.297778749469934,2374.0723074666994,1,0,0.0
278224,8.141763483034019,77.80532540644425,3312.8074802611745,1,0,0.0
578258,16.48399356145761,25.107307897826693,1780.8134954129812,1,0,0.0
505653,12.479209182622974,18.729165651126156,3005.445852304878,0,0,0.0
451765,17.36050596324877,72.24704050765743,3015.22007737241,1,0,0.0
362795,15.609441555510495,81.30892287465136,1934.1693950492738,0,0,0.0
60512,9.920362875437636,64.90384819830062,1119.6359258082812,1,0,0.0
429588,6.015363038709296,29.65839762700182,286.05283802531784,0,0,0.0
196480,3.598435777348994,94.00777769730672,3453.642354506758,0,0,0.0
868151,6.241268820984041,39.49725073722702,1167.2029531576586,1,0,0.0
193612,12.527789894812052,36.94851767999891,1696.7743174901482,0,0,0.0
42014,13.585972510476525,64.80959414923805,122.19597853316327,0,0,0.0
329300,1.6261994213966502,2.588883019121413,517.0374167372314,1,0,0.0
505681,13.584408994531556,62.435942737030146,1399.5805970150298,0,0,0.0
481135,19.884654563815893,67.72249719660883,3279.235937455797,1,0,0.0
490542,12.912707766950833,5.94972704371629,439.4105144026179,0,0,0.0
803397,1.5618763621426202,49.99706361548414,10.649973319576356,0,0,0.0
424324,9.254305306843538,75.03714445342723,2297.3947241614333,0,0,0.0
295273,14.16003751998801,17.55290093910139,1191.6044995196883,1,0,0.0
374425,3.321340180997112,60.23641760500104,1965.159284745186,0,0,0.0
794887,3.561916879198659,76.6441924252462,1745.8887961552402,1,0,0.0
672315,3.6775368198518277,35.01032605311828,415.5374721832973,0,0,0.0
927041,6.170029310219727,68.49264876022852,1559.837333045576,0,0,0.0
405874,8.451490070885576,78.40092495280419,2411.028840681988,0,0,0.0
391961,19.973393866693495,49.74573066703134,588.4296816983949,0,0,0.0
338338,17.5217968199255,6.2073967865894915,2588.697131522228,0,1,0.0
404897,0.510469120121031,72.48735013289496,3031.629384129791,1,0,0.0
363380,7.167819247428701,74.04945808807079,1695.7605880476863,0,0,0.0
589950,7.865296855698394,68.77451128880841,3524.749770938763,0,0,0.0
622319,2.9525989190453727,22.193790068012586,975.8510188200768,0,1,0.0
903137,5.4063800003603335,98.92171715521191,866.6266777753686,0,0,0.0
814164,7.443659827698388,35.45785670652531,3256.1232433550426,0,0,0.0
142340,0.5084399153882058,9.17045776232096,1897.9127171527048,0,0,0.0
552969,14.133836078662029,38.712625797822206,1444.8403755360332,0,0,0.0
809331,17.20474479319783,59.91258265995928,3094.522229700237,0,0,0.0
998662,15.155969541718084,20.465238835645128,919.3090486632465,0,0,0.0
162929,4.2568440055963475,41.601690831614,1575.2177830042372,1,0,0.0
603051,3.9015629488993953,79.79125891233807,770.5096162260671,1,0,0.0
503246,16.42333132163191,35.97287936706361,2699.191811523614,0,0,0.0
17977,5.012523107553786,20.4821313482078,3037.323046103173,0,0,0.0
424964,6.612757363643922,97.30934227389565,3219.832203520265,0,0,0.0
37467,15.914751228859947,42.066210449569084,464.1427778853612,0,0,0.0
678914,15.641145983159001,22.399808569138237,2312.605456980524,0,0,0.0
191104,0.019631053268953647,4.351552465402609,362.69105705745955,0,0,0.0
204861,6.473965780205115,38.46919033822734,1947.0477600565798,0,0,0.0
254416,19.44483317127131,51.506644580874806,1835.3377860469232,0,0,0.0
879861,14.836138541473819,1.3567689165150276,3241.287818044016,0,0,0.0
259530,12.054644309191374,29.9580005073819,2635.426800251062,0,0,0.0
2784,0.8346732872479667,52.2587807387285,1029.3493552162356,0,0,0.0
523991,17.395149295743803,72.82446621482983,3308.2641710722237,0,0,0.0
195813,3.695477691686886,5.289613693181416,2789.321168749126,1,0,0.0
632796,1.3056427561556117,9.734843726352283,47.208389610530155,0,0,0.0
879617,13.59195340400769,9.899382072277785,405.6969660047014,1,0,0.0
995781,11.587522723978456,91.43659453393977,205.29446533458128,1,0,0.0
610666,14.976722228565965,56.648227119837046,3521.1407856971155,1,0,0.0
290922,15.210117191579462,67.37828918909482,1685.2444208772959,0,0,0.0
468331,0.8832236820956796,7.752523125529731,309.20798525244334,0,0,0.0
679378,14.828095015602536,86.37530496884027,1173.3262638562474,0,0,0.0
455594,16.371353902145497,51.577021805376454,3050.400473847496,0,0,0.0
726580,13.575872653028663,17.967271417142804,3044.3463519246134,0,0,0.0
662960,1.2829309070091321,34.45950593281246,2410.2537025839615,0,0,0.0
180968,12.57790437870234,77.66993079210624,1350.3835309854105,0,0,0.0
888957,15.94282366793015,67.90322877350073,692.8295448131327,0,0,0.0
625526,8.618681934471223,33.54771055259371,1159.2107929113577,0,0,0.0
465794,9.89762304849518,64.82259318750597,3593.8790530631245,1,1,0.0
482448,11.649135769182559,51.91900319283265,2188.9592920915256,1,0,0.0
40734,3.2930211656172026,28.89180046052624,3218.4029597079084,0,0,0.0
953961,5.338910753568502,30.464758388565283,3186.4329493681375,0,0,0.0
546490,5.369924834213425,46.35935334564236,2031.2568211071382,0,0,0.0
549112,12.032635958396046,24.55320464329929,2855.9364740847946,0,0,0.0
672490,19.741186242823836,56.99212460439509,2464.5004748835654,0,0,0.0
140698,6.562971026977797,28.832969165901247,2056.5516292498905,0,0,0.0
64009,1.4880349935078008,10.902026302479339,903.5521925275524,1,1,0.0
774992,17.29011270136692,20.67479417532163,1105.1613619729612,1,0,0.0
384599,1.8169552509177045,16.472477400706175,1743.9825700262766,0,0,0.0
250742,17.565395353412537,49.147965412693154,2411.0114512612513,0,0,0.0
830854,0.1498915453427907,78.66484814010514,1229.8448232493333,0,0,0.0
728023,7.81808757787738,31.568608045788594,808.0817432185848,0,0,0.0
33482,8.05456376621171,3.559880203334187,1829.5096203951855,1,0,0.0
641450,3.5623975447146528,8.81103424540548,1881.664828666945,1,0,0.0
992151,5.084905738855101,76.24487722563165,380.03671917649285,0,0,0.0
766506,4.39318237376356,54.08912553495438,2756.670099695749,0,0,0.0
991910,15.160275540803012,4.615539967631632,3435.8088242596837,0,0,0.0
88456,16.507075972784566,32.378730817269876,2690.9554128848945,0,0,0.0
748052,0.6358672991598979,57.97597148482734,1668.8812070515742,1,0,0.0
660711,16.728096983680693,98.15676601782398,1964.4858782237081,0,0,0.0
205310,7.528849020190609,73.51738847109233,257.59435990209744,1,0,0.0
745107,19.974041899313654,53.870678030826944,1330.9075750853829,0,0,0.0
282443,7.334883125395317,32.76477695018555,1244.8858333468806,0,0,0.0
125365,8.861072937814907,39.52221490181931,3165.042632444627,1,0,0.0
560792,18.202071842702942,70.77117622395167,2458.408351475958,1,0,0.0
153093,16.22880583101836,88.10320598044025,947.2133656898088,1,0,0.0
621336,5.895510954628653,77.89690093747693,2641.613491880368,0,0,0.0
386638,19.244535436101806,29.487341028001325,1282.7917166809764,1,1,0.0
520507,7.190748859318703,1.3767425777972297,3085.3543719516197,0,0,0.0
368079,12.140448287772852,80.36910715419879,1055.747642744331,0,0,0.0
182408,2.760771050309274,47.59147833639783,19.341534822883986,0,0,0.0
691484,5.344909172702561,8.852375533219403,1731.3241836274246,0,0,0.0
224235,0.4834797850595751,6.586466274250979,3077.4791280987038,0,1,0.0
5452,6.960004604780174,25.23935929392821,741.0580147723444,0,0,0.0
425593,16.285525238913404,36.25641380642822,3413.4527663498266,0,0,0.0
104579,3.205507171205537,90.85028142859622,714.706408653724,0,0,0.0
59397,17.60620389681507,63.98796406160771,1308.0997411755825,0,0,0.0
656639,4.645702453436469,27.112268336661504,1965.036744068307,0,0,0.0
489781,19.92140609309944,98.71789281744513,2623.807648011651,1,0,0.0
963224,5.91675572158231,73.35421809406081,1762.8686981296082,1,0,0.0
964161,14.209589509509268,54.74565360860544,1454.1287244417813,1,0,0.0
532647,10.256452514089666,40.28029505714397,937.9092185049691,0,1,0.0
882056,13.408511184637145,73.70544070442749,2162.0581440934784,0,1,0.0
947613,6.184118181552602,72.75077643153188,1704.2421458754359,0,0,0.0
854199,10.586408649453475,51.7486193413773,430.46688847720253,0,0,0.0
310788,11.972466484314566,8.637362020147087,407.58631647796733,1,0,0.0
961069,15.555852878816623,98.6619104264685,26.079070988090393,1,0,0.0
208129,13.299419108929165,69.55200960303053,1473.8256496101767,0,0,0.0
201042,8.428555733645243,49.456372602646205,1244.4178387538257,0,0,0.0
535078,16.5823375152116,6.271485207944217,3273.5279776648536,1,0,0.0
416601,16.683606534913014,61.36217902073838,1683.2382686964456,0,0,0.0
737417,16.978603083514024,47.944970680341356,2100.4795687106157,1,0,0.0
560122,1.1818742101313684,27.31300065679281,3094.545138983451,1,0,0.0
943091,9.072998612865211,3.9323750557794135,1933.3833949650639,0,1,0.0
819899,5.713998416961738,50.07649538418032,1741.533013419297,0,0,0.0
691172,7.566452948552427,16.027987661306497,2237.6959098883162,0,0,0.0
943235,13.22758381057264,55.68130817768304,169.5352584388031,0,0,0.0
741808,18.72526464726285,37.275572915847654,3168.301098919886,0,0,0.0
964571,7.996519249603972,47.578044399727936,989.2261436885581,0,0,0.0
774422,17.496556992258434,35.19574663911421,1263.4874330678108,1,0,0.0
146303,10.351286810067396,65.17505996919579,3278.783026810639,0,0,0.0
102106,14.411239677752484,21.164256086599963,1455.1705713896895,0,0,0.0
220764,12.414804620477254,35.601792301322966,2192.5998157479344,0,0,0.0
533853,3.5914205632468144,75.68195878633036,2357.821349394325,0,0,0.0
697480,5.789853639513451,63.651923624962016,439.1857443696686,0,1,0.0
508226,4.261722811768285,32.26169510507839,1064.0144951714228,1,0,0.0
987062,5.827287692513314,61.787316326544264,503.74732673561334,1,0,0.0
163445,16.22857709634838,72.74921116123943,735.4385659350671,0,0,0.0
496239,7.5313954599497706,88.6233233998796,1762.6683674296971,1,1,0.0
119739,10.023984500683873,16.7188654878736,3574.8652852745918,1,0,0.0
200259,17.32329339564137,30.16834603278602,3404.92129710952,0,0,0.0
839551,8.100877595676511,26.450054365523247,851.1024117417688,0,0,0.0
534222,6.516630377167809,22.29839782415386,409.69537468294084,0,0,0.0
43759,1.6375752581050684,86.93888927889354,996.705056271262,0,0,0.0
648863,18.24606751510568,84.80486324529349,3110.2928363185256,1,0,0.0
160614,13.781124972311328,15.37746270009489,374.2395806100609,0,1,0.0
417206,1.3750435167086716,93.58718121270476,3424.535885931716,0,0,0.0
648273,13.485012404572707,44.786475568577174,1060.551336364841,0,0,0.0
191453,10.828738944915958,43.252229508729926,1231.4202796146978,1,1,0.0
59380,7.759145846866655,81.44297633232621,763.9786539443137,0,0,0.0
387829,1.0671254257318785,78.11481141939194,116.34711991646998,1,0,0.0
143658,16.81108892978046,11.905978740683409,691.9818636824277,1,0,0.0
678059,8.445458914366512,58.3540731872745,2731.093361624172,0,0,0.0
42473,4.712106750662015,49.841621606860045,1694.0918101710931,0,0,0.0
685778,11.187518565387634,81.7777267749425,2970.680800429216,1,0,0.0
68371,13.089469762680626,68.64232614326656,2884.6450231236463,0,0,0.0
436405,0.6765631172576714,40.26034480734965,3490.1066369581013,0,0,0.0
245369,3.1430506870354513,95.37618966573464,291.17682090920607,0,0,0.0
878901,6.759221245963804,70.04504485553076,1512.060134853397,0,0,0.0
901466,19.26439171746844,35.95897229334321,2811.5409476112022,0,0,0.0
275947,3.4245069333011435,11.742926596344283,3548.3805202713515,0,0,0.0
898774,13.07699823485901,91.50852601616126,3148.2089898275517,1,1,0.0
359789,7.282011947981011,26.46138673214178,2240.5552629371373,0,0,0.0
955061,14.951562409296288,12.781615100060307,1944.924120972855,0,1,0.0
240723,5.2724360692794425,10.393193827366176,694.8496158827742,0,0,0.0
596681,1.8711342766176187,6.285168820691689,1573.5146864214248,0,0,0.0
354832,11.191967718542841,79.57510084666872,2811.1334083511942,1,0,0.0
584035,1.7457479860779501,48.978936417216666,1708.7209706382464,0,0,0.0
744878,16.789805298500113,85.0048566414265,452.1962754224824,1,0,0.0
124313,10.843242104981579,72.72705643944,1611.3151033153288,1,0,0.0
830747,5.77518518842151,84.84831980567972,3495.85454626287,1,0,0.0
58189,7.199916354822884,94.71813220541269,1050.4397638025716,0,0,0.0
268286,3.256264919385148,1.248456968717493,1508.700912522407,1,0,0.0
8844,0.05801069298461359,26.336334678186347,2654.9570939852692,0,0,0.0
751443,5.496009086204225,11.173614192264125,2702.0953758134183,0,0,0.0
249524,9.65490793279013,52.60888795184007,3564.0749571097376,0,0,0.0
959770,16.680744907603092,95.37249917894664,1666.2507187096433,0,0,0.0
299849,4.739240388814505,47.2714904646419,348.1260313774667,0,0,0.0
704602,5.360302095039621,13.983974519352216,967.7641470742578,1,1,0.0
365003,8.063607119323727,0.426199246300929,1025.4500933698935,0,1,0.0
982256,16.337555144419095,25.67034652804804,476.5449742718988,0,0,0.0
938920,19.923642201293546,83.65421244749857,2765.0705129855914,0,0,0.0
787885,14.595351774279282,57.64394926598708,3340.0976094524804,0,0,0.0
261466,0.9019920641768064,36.13611555692262,1583.4233548206093,0,0,0.0
834120,11.826049436970115,73.37938326848388,564.6784375355836,1,1,0.0
917552,13.98827144477499,65.86558650298478,1765.1729863367364,0,0,0.0
883771,8.65120612939788,28.562828558150244,3452.235186214321,0,0,0.0
956148,6.841638942945336,31.293791935629965,1331.6439476271407,0,0,0.0
511993,2.9523375772081217,38.39767460029498,2158.6097975915945,0,0,0.0
631137,19.74998160578687,69.62009382584098,531.1315420968538,0,0,0.0
924503,8.310872168834312,68.93787103126222,188.99341585281172,0,0,0.0
847034,11.473679921099002,53.9927222417904,1356.0131142410548,0,0,0.0
823225,5.945214632169353,89.2354913653845,3337.52282138696,0,0,0.0
204874,10.042264761750761,17.433257599877162,115.6443485817185,0,0,0.0
911221,1.5077057435890762,67.17981155220313,3336.9196665563763,0,0,0.0
720013,1.8580943389205085,40.77653151551439,2786.3627483522564,1,0,0.0
759341,13.638685858765545,77.17226641067951,1059.6077460441245,0,0,0.0
661945,15.706386873600769,28.34416041096984,779.499457014015,0,0,0.0
455864,16.888170235301192,84.1606838457949,3379.429443525869,0,0,0.0
4755,11.056155646044111,36.235210776259365,2905.5843438429883,0,0,0.0
866017,12.040835641877868,81.75770612410268,3141.087687345584,0,0,0.0
300682,17.556726358245204,19.216834302062892,2769.7766863930474,0,0,0.0
371631,12.855629746072697,74.9886817401743,2652.691523446854,0,0,0.0
314003,18.502679296838128,7.320667328153851,2948.9741795526047,0,0,0.0
705917,9.663179464920164,44.106568770729915,1951.8546119948353,0,0,0.0
746340,7.256243907620268,36.0325300380779,171.18919601920166,0,0,0.0
430154,16.396038390854272,74.13088344213075,1750.2862697073274,0,0,0.0
458948,5.366474768354648,43.616617354483466,3233.8153718461717,0,0,0.0
609205,1.8879275420001873,22.96182079586583,3524.444341704826,1,0,0.0
908079,4.189268800837405,96.73914070538623,311.7033614163141,0,0,0.0
183770,13.13070708292264,33.50375197612949,3441.3946918631977,0,0,0.0
498821,0.9563200661106341,91.0195728056996,959.014138653956,0,0,0.0
941867,13.80834963624068,60.461256646642425,3522.5162526922327,0,0,0.0
144450,7.3937744252089725,36.05833418005189,1214.1741797843301,0,0,0.0
812711,12.446817550533954,21.318834948151522,1804.9419522863566,1,0,0.0
325961,8.328466830792268,94.67177277595854,658.1803635323815,1,0,0.0
607717,18.58940039460058,61.67051413861958,1681.820227033217,0,0,0.0
676644,10.546039436311156,98.50874510004941,2114.280180325392,0,0,0.0
628656,19.68041842663361,42.340805850968025,472.48830553224053,1,0,0.0
940929,10.359383233601696,64.32964721573022,3552.344213297037,0,0,0.0
696048,6.371527600316284,15.751579094558343,2523.2935917318923,0,0,0.0
344567,0.49743713848591,17.277197559986533,2056.5326434156573,0,0,0.0
852255,12.015130966441633,50.827928036965886,2013.8899281061754,0,0,0.0
533875,7.486546268960299,22.534456987474417,995.2863429332034,0,0,0.0
96077,13.103613859094864,41.383087991159506,2056.783959190273,0,0,0.0
608189,17.321961827345294,72.73866171390856,1740.923993830313,1,0,0.0
694501,0.690754572935699,22.599310179780318,2857.290763244348,0,0,0.0
117529,13.245002437829339,84.48331060989433,1333.450385464951,0,0,0.0
367034,1.7196785432042572,24.840178394806156,1372.446419998172,1,0,0.0
365061,9.221596415824953,31.676581332292,1086.3437713742078,1,0,0.0
965281,6.996716003977015,27.433356186227677,1949.3378775844758,0,0,0.0
336288,11.316891012087172,61.342281813641875,1494.1988448218096,1,0,0.0
696793,14.379786301727473,75.89280669286624,3467.5356339499313,0,0,0.0
164478,3.115767038049304,91.60280394251886,1806.5186113449718,1,0,0.0
652900,9.393961329197872,17.49039548886354,1912.3510986301656,1,0,0.0
110806,13.740688315110305,91.3136433573544,1998.5455531490647,0,0,0.0
223705,11.56972852428525,83.33038729531003,3415.4658132878376,0,0,0.0
890219,7.353324818034606,59.506843342758366,100.94429905794544,0,0,0.0
745457,12.650520426647402,72.81609527833226,2935.2669222774666,0,0,0.0
494495,15.224522250053576,22.533594097790665,2298.0302248854678,1,0,0.0
762504,6.8649054444356405,27.231978939324442,1056.4929208650426,0,0,0.0
795669,7.268693518747682,30.131641439606472,831.8388076985851,1,0,0.0
